{"main":"american-flights-api1.raml","name":"American Flights API1","organizationId":"4ac92bc8-46d6-483a-b166-b9d36f7a423d","groupId":"4ac92bc8-46d6-483a-b166-b9d36f7a423d","assetId":"american-flights-api1","version":"1.0.1","metadata":{"branchId":"master","commitId":"6edb95014073770cf41d32e3410a0e0d4d440eef","projectId":"93812ddc-5b35-478c-ad22-f01541504677"},"apiVersion":"v1","classifier":"raml","dependencies":[{"assetId":"training-american-flight-data-type","groupId":"68ef9520-24e9-4cf2-b2f5-620025690913","version":"1.0.1"},{"assetId":"training-american-flights-example","groupId":"68ef9520-24e9-4cf2-b2f5-620025690913","version":"1.0.1"}],"tags":[],"originalFormatVersion":"1.0"}